user_id,name,email,age,registered_at
1,John Doe,john@example.com,28,10/1/2023 12:34
2,Alice Smith,alice@example.com,35,9/15/2023 10:21
3,Bob Johnson,bob@example.com,42,8/22/2023 14:32
4,Charlie Brown,charlie@example.com,25,7/29/2023 9:18
5,Eve Davis,eve@example.com,30,6/30/2023 16:04
6,Mallory Grey,mallory@example.com,45,5/21/2023 11:15
7,Trent White,trent@example.com,32,4/14/2023 13:19
8,Peggy Adams,peggy@example.com,29,3/17/2023 8:23
9,Oscar Miller,oscar@example.com,40,2/11/2023 7:16
10,Victor King,victor@example.com,38,1/5/2023 17:23
11,Samuel Terry,dwu@potts-robinson.com,41,03/12/2024 21:40
12,Jessica Stevens,christopherweaver@fuller-stevens.com,33,09/01/2024 23:02
13,Raymond Weiss,xwhite@coleman-yang.com,27,08/04/2024 03:29
14,Kaitlyn Hunt,jeremycollins@gmail.com,42,08/07/2024 22:28
15,Guy Moore,chelsey97@jackson-harrison.info,58,01/15/2024 01:36
16,Benjamin Acosta,srios@hernandez.biz,56,03/30/2024 14:55
17,Sandra Cochran,darrell51@ingram.info,69,08/19/2024 05:08
18,Wyatt Booker,brownmorgan@yahoo.com,27,03/20/2024 18:22
19,Ryan Wilson,hallsamantha@gmail.com,26,08/01/2024 16:24
20,Crystal Boyer,rosariojessica@smith.com,36,03/08/2024 04:35
21,Dawn Clarke,andrea19@hotmail.com,47,02/01/2024 00:46
22,Mark Campbell,hendersonwillie@hotmail.com,58,07/07/2024 08:37
23,Travis Smith,jacobturner@yahoo.com,21,03/28/2024 21:29
24,Marvin Roy,guerrerokarina@gmail.com,45,03/27/2024 03:32
25,Alison Bell,martinezshelby@perry.org,64,02/28/2024 12:31
26,Ronald Wood,gillsylvia@robinson.com,66,04/05/2024 14:01
27,Angela Smith,erikamathews@james.com,54,04/14/2024 21:22
28,Ronald Cunningham,mooresergio@gonzalez.com,32,02/22/2024 12:17
29,Susan Small,megan36@miller.net,65,03/29/2024 22:21
30,Mary Hopkins,dawn72@hotmail.com,29,07/20/2024 11:59
31,Jillian Watkins,priley@carpenter.com,23,07/12/2024 22:54
32,Christian Zimmerman,harrismatthew@gmail.com,70,01/19/2024 20:11
33,Michael Johnson,audrey16@yahoo.com,66,08/15/2024 04:05
34,Laurie Patterson,coxcalvin@gmail.com,54,03/30/2024 07:34
35,Haley Reyes,elizabetharroyo@gmail.com,52,05/19/2024 11:59
36,Timothy Johnson,walkerlaura@yahoo.com,24,01/18/2024 09:54
37,Kevin Mendez,cbutler@gonzales.net,18,04/29/2024 08:42
38,Julie Mccarty,harpermelissa@gmail.com,31,03/25/2024 18:18
39,Cole Grimes,kstephens@washington-taylor.com,20,09/01/2024 16:33
40,Jim Shaw,jamesdavis@hotmail.com,22,03/09/2024 17:59
41,Mark Powers,jakebarnett@yahoo.com,70,02/22/2024 02:51
42,Justin Carlson,nancy14@yahoo.com,58,06/04/2024 07:20
43,Kevin Robinson,dan49@ramirez.com,64,02/05/2024 09:51
44,Nathan Scott,anthonyramirez@villarreal.com,46,08/23/2024 21:33
45,Stephanie Le,jennifer24@elliott.org,44,06/08/2024 22:11
46,Bradley Simmons,deborah56@yahoo.com,65,05/31/2024 07:38
47,Sheryl Rivera,gentrymatthew@hotmail.com,22,07/31/2024 11:13
48,Dennis Silva,normanadrienne@yahoo.com,22,08/21/2024 02:35
49,Jonathan Meyer,harrismatthew@daugherty-lewis.net,49,06/07/2024 16:32
50,Joel Johnson,wallacecynthia@gmail.com,44,02/02/2024 00:28
51,Lori Hunt,derekgregory@hotmail.com,69,02/17/2024 10:54
52,Paul Collins,lsullivan@hendricks-summers.info,69,05/20/2024 09:06
53,Daisy Anthony,ivanmontgomery@hotmail.com,68,04/13/2024 07:39
54,Lauren Henderson,duranjacqueline@smith-perkins.com,47,06/02/2024 14:08
55,Cody Anderson,teresabarber@price-stevens.org,63,07/31/2024 18:43
56,Cassandra Lewis,ejones@yahoo.com,50,04/22/2024 03:27
57,Paul Wilson,lesliedavis@yahoo.com,27,08/18/2024 16:39
58,Matthew Holt,kcarson@yahoo.com,29,03/14/2024 00:03
59,Stephen Acosta,harriscarolyn@curtis.net,59,06/13/2024 03:14
60,David Lowe,cmyers@hotmail.com,38,03/05/2024 08:36
61,Tracy Romero,bdawson@hotmail.com,52,05/27/2024 16:19
62,Denise Johnson,spencer29@yahoo.com,61,03/26/2024 12:18
63,Rhonda Schwartz,kennethdiaz@hotmail.com,43,05/17/2024 12:38
64,Frances Kennedy,mbailey@hotmail.com,46,07/31/2024 22:57
65,Adam Wright,fgriffin@yahoo.com,47,02/06/2024 06:45
66,Kimberly Cowan,brent83@ramirez.com,38,01/23/2024 08:57
67,Melinda Taylor,nwashington@gmail.com,18,03/25/2024 11:18
68,Jose Hendrix,ybright@yahoo.com,56,02/06/2024 05:24
69,Elizabeth Todd,ejennings@yahoo.com,50,06/06/2024 11:08
70,Jill Castillo,fowlersusan@blankenship-holden.biz,20,05/23/2024 03:22
71,Molly Coffey,smithjoshua@hotmail.com,65,03/15/2024 12:40
72,Deanna Parsons,banderson@lucas.com,68,06/18/2024 06:28
73,Tammy Decker,joseph45@yahoo.com,65,01/31/2024 18:17
74,Peggy Ayers,kimberlylee@rivera.info,18,04/30/2024 01:20
75,Pamela Hoffman,michael42@cabrera-davis.org,70,06/21/2024 23:45
76,Carlos Lee,wjensen@gmail.com,70,03/26/2024 20:32
77,Erin Brown,monique82@villanueva.org,57,05/23/2024 07:44
78,Patrick Moore,garretttimothy@gmail.com,38,06/07/2024 11:54
79,Vincent Black,wayne88@hotmail.com,25,01/19/2024 01:56
80,Robert Mills,jean47@hotmail.com,70,01/06/2024 21:07
81,Andrew Tucker,rlee@gmail.com,35,05/25/2024 04:24
82,Aaron Wright,brian35@hotmail.com,37,03/02/2024 18:22
83,William Hunt,jhuff@anderson.info,33,01/28/2024 06:17
84,Alexis Graham,latoyasmith@peters.com,19,03/16/2024 11:24
85,Thomas Sutton,kim06@cole-lawson.biz,29,02/03/2024 09:42
86,Sarah Moore,luis97@yahoo.com,42,09/23/2024 01:31
87,Jennifer Mitchell,patricia46@hotmail.com,27,06/08/2024 10:32
88,Brian Johnson,wandaconley@roach-gallegos.net,20,01/26/2024 19:20
89,Yolanda Heath,ghernandez@thomas-johnson.info,53,02/06/2024 20:44
90,Gina Tucker,hickswilliam@yahoo.com,27,01/24/2024 19:02
91,Jeffery Davenport,roseryan@hotmail.com,68,04/15/2024 23:55
92,Whitney Garcia,pamelanovak@wood.com,57,09/30/2024 12:22
93,Larry Mcguire,mary98@hotmail.com,36,05/18/2024 15:03
94,Kimberly Bowman,carolyn87@gmail.com,41,08/12/2024 01:47
95,Perry Dickson,kellytony@rodgers-mcclure.com,45,03/15/2024 22:47
96,Pamela Weaver,dking@carter.com,47,09/25/2024 15:09
97,Amy Nelson DDS,helenlopez@hotmail.com,25,01/29/2024 05:34
98,Christopher Murillo,patriciashaffer@hotmail.com,46,09/11/2024 07:47
99,Alexander Schultz,ejackson@torres.com,36,03/08/2024 02:40
100,Kelly Ramirez,james61@yahoo.com,36,09/06/2024 19:12
101,Anthony Williamson,noah76@nelson-davis.com,28,03/23/2024 07:13
102,Angela Gordon,jonathan65@bailey.com,52,07/01/2024 18:20
103,Sara Woods,jonathancook@casey.net,19,07/20/2024 21:36
104,Brandon Saunders,coffeydonna@carlson-ruiz.com,69,09/11/2024 22:18
105,Jeremy Duffy,nreed@gmail.com,28,02/12/2024 08:15
106,Barbara Gardner,dmcmillan@gmail.com,34,09/29/2024 19:21
107,Susan Richards,williammartinez@shaffer-white.biz,57,08/22/2024 10:27
108,Mrs. Tanya Johnson,colevasquez@collins.biz,19,04/02/2024 21:49
109,Danielle Soto,cindy64@gmail.com,19,02/29/2024 21:51
110,Dr. Teresa Mitchell MD,jennifer87@yahoo.com,45,09/24/2024 00:37
111,Ryan Williams,dawsonchristopher@hotmail.com,46,07/24/2024 09:06
112,Jenna Miles MD,valdeztaylor@griffith-harper.org,45,09/30/2024 15:49
113,Robin Johnson,zclark@richards.com,41,08/18/2024 22:25
114,Courtney Williams,campbelljanice@keller.com,54,08/22/2024 11:03
115,Zachary Clayton,paulahardy@rodriguez-chan.net,34,07/23/2024 13:07
116,Marilyn Dunn,griffithdavid@padilla-bennett.com,19,01/08/2024 11:18
117,Erin Roberson,ndiaz@gmail.com,37,06/02/2024 21:35
118,Lisa White,anna16@gmail.com,55,07/18/2024 07:37
119,Shelby Allison,richard57@harris-johnson.info,61,08/28/2024 13:25
120,Jason Smith,joseph19@hotmail.com,44,04/22/2024 21:30
121,Benjamin Sanchez,mcbridesharon@hotmail.com,38,04/04/2024 05:43
122,Maria Meyer,geraldmartinez@morris-meza.com,40,08/09/2024 05:58
123,Dylan Johnson MD,juarezsheryl@gmail.com,24,04/18/2024 17:26
124,Tiffany Curtis,csimmons@gmail.com,44,09/29/2024 02:19
125,Andrew Leach,valdezrobert@gmail.com,27,09/19/2024 12:32
126,Manuel Perez,michael36@yahoo.com,52,04/09/2024 07:28
127,Kimberly Lopez,jennifersanchez@roberts.com,44,09/03/2024 19:36
128,William Brown,kathleen48@hotmail.com,45,02/18/2024 03:47
129,Adam Spencer,denise41@hotmail.com,59,08/30/2024 01:56
130,Dana Sullivan,stevereyes@smith.com,29,06/16/2024 02:48
131,Sherry Gomez,aguirrematthew@hotmail.com,44,06/05/2024 13:25
132,Sandra James,ywhite@hotmail.com,30,05/09/2024 22:07
133,Melinda Graham,brookegilbert@gmail.com,31,08/06/2024 10:55
134,Carlos Joyce,sflores@gmail.com,37,08/03/2024 23:47
135,Melissa Cortez,elizabethmahoney@ho.com,60,05/06/2024 19:19
136,Jared Simon,colerandolph@gmail.com,65,02/23/2024 19:12
137,Michelle Harris,adamarnold@benson-cain.com,44,03/12/2024 00:46
138,Richard Watson,hannah21@hotmail.com,52,09/09/2024 03:08
139,Joshua Bullock,dsingleton@hotmail.com,52,07/17/2024 16:27
140,Robert Peterson,vphillips@thompson.com,23,08/22/2024 02:56
141,Carol Schroeder,natasha75@smith.com,57,07/20/2024 04:20
142,Vincent Rodriguez,ucarpenter@yahoo.com,61,08/30/2024 02:45
143,Heidi Murphy,clayton99@price.net,18,07/12/2024 05:46
144,Ryan Ware,patriciajenkins@mendoza.com,58,03/06/2024 02:18
145,Richard Williams,iortega@miller-henderson.com,56,08/17/2024 06:49
146,Charlotte Tanner,kennethnguyen@rogers.org,31,06/10/2024 10:30
147,Kara Potter,megan24@yahoo.com,21,01/01/2024 03:57
148,Samuel Elliott,joseph16@yahoo.com,21,08/10/2024 22:40
149,Ryan Martinez,gordon45@bishop-bailey.com,63,04/21/2024 16:27
150,Sarah Snyder,morganharding@yahoo.com,37,09/28/2024 07:27
151,Teresa Ramirez,dominguezjoseph@yahoo.com,35,07/17/2024 22:50
152,Ian Shelton,millerbrandon@grant-rodriguez.com,46,01/24/2024 06:31
153,Christopher Newton,iross@yahoo.com,44,03/22/2024 21:07
154,Samuel Smith,fisherjacqueline@ryan.com,48,09/30/2024 19:44
155,Erica West,taylorsusan@marquez-hawkins.info,64,08/03/2024 23:58
156,Charles Williams,gkirk@hotmail.com,24,07/08/2024 18:51
157,Danny Lopez,brandonweber@hotmail.com,42,04/24/2024 06:49
158,Michael Hampton,stewartstephen@tyler.org,35,04/11/2024 03:44
159,Cynthia Williams,vargasgregory@rivera.com,27,06/13/2024 09:31
160,Mason Morris,zcastro@hotmail.com,35,07/14/2024 16:34
161,Carol Alvarez,rachelhunt@yahoo.com,34,03/31/2024 19:49
162,Elizabeth Franklin,jprince@fleming.net,61,02/11/2024 09:39
163,Darren Medina,ericsmith@singleton-mullen.info,40,03/18/2024 05:06
164,Matthew Holder,allison60@owens-thompson.info,33,08/21/2024 10:46
165,Deanna Wilson,umason@hotmail.com,48,07/27/2024 04:58
166,Jean Ball,travistaylor@hotmail.com,38,02/14/2024 03:09
167,Rhonda Robinson,carrierogers@hotmail.com,45,09/01/2024 14:38
168,John Mcpherson,ogoodwin@smith.biz,27,10/04/2024 07:17
169,Ryan Silva,holly74@williams.net,25,06/29/2024 02:47
170,Adam Thompson,sschmitt@collins.com,35,07/26/2024 07:49
171,Robert Prince,cynthiagarcia@hotmail.com,34,04/23/2024 20:21
172,Dr. Steven Owens,hortonthomas@yahoo.com,42,08/09/2024 01:28
173,Erin Chen,christopher07@rivera.org,64,09/27/2024 16:48
174,David Jimenez,cmendez@hebert.com,57,01/11/2024 21:41
175,Lauren Davidson,michael20@hotmail.com,44,01/09/2024 17:07
176,Rachel Mills,belljames@newton-austin.com,26,06/25/2024 11:26
177,Danny Reeves,nolanjill@gmail.com,32,08/01/2024 11:12
178,Mrs. Lori Larson DDS,carolyndouglas@hotmail.com,53,09/28/2024 22:29
179,Matthew Armstrong,ballangela@hotmail.com,39,04/20/2024 06:11
180,Jeffrey Fernandez,davidjohnson@jackson.net,59,04/27/2024 20:04
181,Peter Kelley,michaelburgess@yahoo.com,34,05/02/2024 05:21
182,James Daniel,shawn29@garcia.info,47,04/15/2024 19:56
183,Jennifer Jones,adam29@hotmail.com,20,01/20/2024 01:23
184,Thomas Dennis,tmccarthy@yahoo.com,32,09/09/2024 08:23
185,Justin Chandler,tracy56@gmail.com,35,02/12/2024 01:23
186,Tracy Archer,owenskeith@gmail.com,40,08/06/2024 13:58
187,Michael Mendez,christopher19@thomas.com,44,09/04/2024 09:11
188,Laura Chavez,christine69@hotmail.com,54,06/01/2024 18:20
189,Travis Durham,melissa37@hotmail.com,49,07/10/2024 01:43
190,Katrina Green,avega@walker-lane.info,64,10/04/2024 15:09
191,Jerome Sanchez,jason18@swanson.com,62,06/28/2024 21:06
192,Jill Rogers,sgonzalez@yahoo.com,23,05/30/2024 04:44
193,Amy Schroeder,dbrooks@sims-flowers.com,53,05/19/2024 14:42
194,Charlotte Johnson,kathrynthomas@green.com,61,02/22/2024 13:13
195,Sarah Rosales,wadebrittany@hotmail.com,55,07/26/2024 03:34
196,Kenneth Smith,belljacob@hotmail.com,64,06/23/2024 06:05
197,Joyce Hubbard,jamiejones@gmail.com,41,09/29/2024 05:27
198,Jonathan Richards,ashley12@barajas.net,54,03/14/2024 16:33
199,Taylor Best,stacymoses@anderson.biz,21,04/16/2024 05:21
200,Valerie Craig,jim50@gmail.com,31,01/21/2024 06:01
201,Debra Williams,twilliamson@gmail.com,59,04/11/2024 05:44
202,Daniel Griffin,jessicajackson@yahoo.com,24,09/20/2024 22:42
203,Amanda Rogers,jamesberry@santos-walker.net,19,06/13/2024 10:38
204,Brittany Smith,lorihess@horton.com,20,05/01/2024 13:52
205,Kelly Alvarez,hardincheryl@yahoo.com,44,01/14/2024 20:51
206,Ms. Kristina Garcia MD,ashleyburns@case-miles.com,56,03/04/2024 04:12
207,Mrs. Lindsay Green,hartbrian@golden.info,25,08/06/2024 04:10
208,Sean Chaney,melissacarr@ramirez.org,45,09/30/2024 05:38
209,Heidi Kim,aacevedo@larson-middleton.com,69,09/21/2024 07:07
210,Sylvia Griffin,cfuller@yahoo.com,21,04/24/2024 12:31
211,Jonathan Barron,josephrusso@mendez.com,50,01/11/2024 17:51
212,Lynn Kim,scottjacobson@marsh.biz,45,07/04/2024 06:57
213,Deborah Reed,simonalyssa@frank.org,59,08/11/2024 13:14
214,Jessica Huynh,phillip45@bush.info,20,07/12/2024 19:17
215,Bobby Morgan,scottdudley@gmail.com,67,03/27/2024 07:44
216,Michelle Hall MD,emilysutton@gmail.com,41,03/26/2024 02:54
217,Jennifer Thomas,kellymays@yahoo.com,46,02/24/2024 00:23
218,Adam White,matthewrivera@ray.com,28,08/17/2024 01:12
219,Ashley Jones,megan49@harris.com,41,09/29/2024 06:48
220,Tyler Baker,mchristian@glover.com,19,04/04/2024 08:51
221,Dean Mclaughlin,gjones@hotmail.com,50,06/25/2024 06:44
222,Jacob Mathis,rebecca50@hotmail.com,64,03/29/2024 12:57
223,Jacob Phillips,pherring@sloan-petty.info,25,10/02/2024 20:47
224,Timothy Soto,howardkyle@gmail.com,31,08/19/2024 17:29
225,Keith Nichols,olivia63@yahoo.com,48,05/17/2024 17:13
226,Melissa Gibson,mejiajennifer@cruz-butler.net,53,07/11/2024 12:03
227,Michael Johnson,tamara44@hotmail.com,43,03/14/2024 03:51
228,Phillip Stanton,powellchad@stephens.com,58,08/26/2024 21:40
229,Nicholas Pearson,kimsusan@yahoo.com,68,03/14/2024 20:22
230,Megan Carpenter,samuel93@hotmail.com,43,08/28/2024 04:31
231,David Dixon,tinawilson@peterson.com,62,05/13/2024 16:06
232,William Russo,mooredennis@gmail.com,56,07/22/2024 11:14
233,Desiree West,nsanchez@yahoo.com,21,05/30/2024 19:35
234,Ashley Bell,michael00@anderson.info,58,04/01/2024 09:44
235,John Anderson,kcook@hotmail.com,25,03/06/2024 23:52
236,Paul Morales,gregory61@thomas.com,68,06/08/2024 14:12
237,Richard Dyer,debbie86@yahoo.com,58,09/03/2024 13:06
238,Christy Hogan,jonesrandy@graham-lee.com,51,09/07/2024 04:04
239,Mr. Austin Morales PhD,ngray@butler.com,63,03/19/2024 21:07
240,Heather Oconnell,moniquebell@holland.info,37,08/21/2024 11:57
241,Amber Taylor MD,eali@singh.org,50,06/30/2024 05:16
242,Jessica Griffin,olivia97@sanchez.info,51,08/14/2024 11:46
243,Lori Harper,elizabethbates@hotmail.com,63,05/14/2024 19:34
244,Diane Scott,elizabeth02@hotmail.com,63,09/06/2024 12:37
245,Jill Figueroa,sandra25@gmail.com,65,08/25/2024 20:18
246,Steven Carter,stevensonnathan@gmail.com,22,02/08/2024 00:30
247,Patricia Smith,melissabowman@yahoo.com,48,08/24/2024 03:12
248,Jonathan Ferrell,kathleen40@yahoo.com,36,06/21/2024 00:47
249,Sharon Mendoza,jonesgary@gutierrez.com,58,04/19/2024 17:20
250,Vickie Warren,ccopeland@hotmail.com,59,03/04/2024 01:41
251,Richard Huffman,marshallstephen@hotmail.com,67,07/21/2024 01:57
252,Angela Frank,ianderson@gmail.com,35,04/06/2024 01:45
253,Veronica Garza,pmorris@guerrero-soto.com,54,08/25/2024 06:03
254,Jennifer Ryan,nicholasfry@sharp.biz,57,03/29/2024 18:08
255,Robert Powell,erikagreen@alvarez.info,62,06/07/2024 00:05
256,Joshua Vasquez,bdaniel@stanley-glass.com,23,05/05/2024 00:06
257,Steve Davis,jason95@robinson-hicks.org,68,09/08/2024 21:50
258,Alexander Cardenas,rodriguezpamela@hotmail.com,68,05/05/2024 23:26
259,Marc Thomas,woneill@johnson.org,28,07/03/2024 11:42
260,Jeffrey Wu,nina16@mahoney.net,30,07/28/2024 18:27
261,Alexandra Anderson,sandrasullivan@hotmail.com,56,05/10/2024 04:54
262,David Hill,seanbrewer@smith-molina.com,49,07/12/2024 11:08
263,Michelle Lutz,pcarrillo@gonzalez-lee.info,38,03/12/2024 03:54
264,Mark Spence,wadecharles@yahoo.com,48,01/10/2024 12:59
265,Howard Evans,elizabeth75@white.net,37,08/19/2024 15:59
266,Steve Fitzgerald,pmitchell@gmail.com,27,06/16/2024 18:12
267,Daniel Jackson,daisy91@yahoo.com,61,08/23/2024 08:17
268,Tina Martinez,welchjennifer@hotmail.com,18,05/10/2024 20:34
269,Zachary Taylor,ybishop@yahoo.com,53,03/10/2024 19:36
270,Joseph Brown,kevin51@hotmail.com,63,07/18/2024 21:11
271,Leslie Howard,phillipspamela@hotmail.com,65,03/19/2024 19:21
272,Cheryl Smith,khudson@howard.net,59,02/21/2024 13:57
273,Ryan Cobb,antonio37@yahoo.com,63,03/06/2024 03:53
274,Anthony Alvarado DDS,lwallace@gmail.com,45,02/20/2024 20:06
275,Kenneth Williams,william55@brown.net,23,04/07/2024 03:19
276,Taylor Tran,madeline04@marshall.com,25,01/14/2024 11:31
277,Isaiah Mason,ashley16@yahoo.com,47,08/20/2024 17:09
278,James Robinson,jeffery03@logan.com,22,08/18/2024 03:17
279,James Hickman,ikramer@yahoo.com,66,09/01/2024 12:12
280,Andrea Patrick,jennifer03@hotmail.com,37,08/07/2024 08:53
281,Sarah Williams,zimmermanpriscilla@harris.com,68,06/03/2024 13:23
282,Dale Johnson,ajones@morgan-brown.com,43,05/21/2024 04:12
283,Mrs. Susan Hopkins PhD,ggentry@gmail.com,24,09/21/2024 06:41
284,Dustin Smith V,pwang@hotmail.com,47,05/09/2024 05:40
285,Lauren Wilson,rachel95@gonzalez.com,24,09/30/2024 11:55
286,Jacqueline Davis,staffordaaron@yahoo.com,42,03/06/2024 07:36
287,Tracy Robertson,staceyphelps@yahoo.com,63,01/09/2024 21:01
288,Jaime Johnson,msingleton@hotmail.com,22,09/21/2024 21:39
289,Daniel Wong,westrebecca@sandoval-palmer.com,37,09/12/2024 07:28
290,Benjamin Patel,hunterjennifer@rhodes.com,49,08/03/2024 13:47
291,Jesus Pacheco,jose53@griffin-morales.com,59,08/08/2024 07:16
292,Steven Martin,lsanchez@oneill.org,18,09/14/2024 23:01
293,Carolyn Rodriguez,fnewman@bernard-mclean.com,37,03/27/2024 18:58
294,Angela Meyer,jesse65@gmail.com,43,05/19/2024 21:12
295,Ashley Shields,lynchtonya@yahoo.com,48,09/08/2024 15:27
296,Anthony Gillespie,upatel@walker.com,54,09/25/2024 07:01
297,Jacqueline Cervantes,angel72@sheppard.com,37,07/06/2024 17:24
298,Angela Golden,nchase@yahoo.com,38,01/23/2024 03:04
299,Todd Stark,davidpeterson@harris.com,57,10/03/2024 11:04
300,Mrs. Brittany Wright,brandi67@patel.net,22,01/27/2024 18:39
301,Janet Jones,katherinewagner@hughes.com,56,09/04/2024 13:55
302,Elizabeth Golden,darryl32@graves-cook.org,34,05/27/2024 03:33
303,Lisa Jones,hintonmichael@douglas.com,20,02/01/2024 19:32
304,Kenneth Morrow,archercarlos@garrison-sullivan.com,33,06/08/2024 17:32
305,Maria Lee,susan00@fernandez-medina.com,56,02/12/2024 18:05
306,Molly Johnson,erinoliver@jones.com,38,01/18/2024 12:26
307,Cassandra Jacobson,claytonjonathan@gmail.com,21,06/20/2024 04:51
308,Daryl Morgan,rebecca83@hotmail.com,52,04/14/2024 20:34
309,Christopher English,brittany66@sheppard.com,62,09/30/2024 18:17
310,Samuel Robinson,kroberts@flores-sims.com,46,06/20/2024 21:29
311,Hector Aguilar,kristin72@gmail.com,25,07/14/2024 18:40
312,Robin Thomas,wsmith@matthews.com,40,03/02/2024 12:38
313,Angelica Love,jaime03@jacobson-cooper.biz,47,01/05/2024 02:31
314,David Simmons,reneecummings@woodard-dixon.org,26,03/27/2024 18:17
315,Sara Mccann,martinezsteven@gmail.com,36,03/24/2024 06:32
316,Joanne Jenkins,acampbell@yahoo.com,20,06/28/2024 08:07
317,Makayla Lewis,qjohnston@white.biz,26,07/05/2024 23:56
318,Adam White,frios@yahoo.com,58,09/17/2024 12:11
319,James Cochran,gonzalezjenny@gmail.com,57,05/16/2024 18:13
320,Miranda Robinson,madams@gmail.com,60,01/20/2024 19:58
321,Jennifer Ferrell,sarahgonzalez@hotmail.com,46,09/06/2024 04:45
322,Oscar Powell,robinsonjessica@powell.biz,68,05/09/2024 05:46
323,William Lopez,victorrodriguez@duran-white.com,36,01/22/2024 18:51
324,Tonya Clark,gregorymoses@yahoo.com,46,06/02/2024 13:54
325,Dennis Glenn,qmitchell@yahoo.com,50,07/18/2024 19:24
326,Cynthia Nguyen,collinsmatthew@yahoo.com,40,09/08/2024 03:16
327,James Smith,wattsmichael@miller-simon.biz,68,04/16/2024 23:53
328,Justin Nelson,dylan99@hotmail.com,60,08/22/2024 06:37
329,Phyllis Cherry,debrawilliams@gmail.com,36,02/14/2024 04:47
330,Dr. Michael Richardson,dixonrobert@pollard-roth.net,47,08/24/2024 18:12
331,Carrie Cooper,iortiz@hotmail.com,57,02/28/2024 06:32
332,Kari Sosa,johnsondavid@gmail.com,52,01/31/2024 07:51
333,John Davis,brettlopez@lopez-myers.com,65,07/26/2024 12:12
334,Richard Medina,vcobb@gmail.com,68,06/30/2024 15:37
335,Jeremy Hartman,mlevy@yahoo.com,55,01/29/2024 18:29
336,Matthew Fischer,melissarodriguez@yahoo.com,58,07/04/2024 07:18
337,Samantha Taylor,porterphilip@gmail.com,32,07/28/2024 14:50
338,Justin Patel,lnewton@gmail.com,30,08/27/2024 16:05
339,Robert Bailey,sara25@rice.net,40,02/05/2024 00:13
340,Vanessa Fisher,walkeranita@francis-gonzalez.com,52,03/03/2024 02:23
341,Corey Ortiz,ibrown@hotmail.com,36,03/17/2024 05:52
342,Rickey Frey,levi00@kerr.com,31,02/06/2024 05:22
343,Shane Leblanc,nguyenkeith@yahoo.com,46,02/23/2024 07:46
344,Nathan Maddox,thomasthomas@hotmail.com,52,04/07/2024 00:53
345,Melissa Vargas,bradshawjesse@yahoo.com,60,07/13/2024 20:09
346,Timothy Martinez,melissabailey@lewis.com,27,03/20/2024 04:36
347,Evelyn Ellis,lauramarshall@rodriguez.info,56,07/11/2024 03:59
348,Alexandra Morrison,eboone@hotmail.com,33,06/05/2024 15:38
349,Maurice Miller,jeffrey81@yahoo.com,58,03/28/2024 01:20
350,Stephanie Mckinney,john42@brown-hernandez.biz,24,07/08/2024 01:04
351,Dave Lee,lopezmarcus@gmail.com,22,08/11/2024 08:54
352,Brandon Brown,melissa97@yahoo.com,60,06/01/2024 21:49
353,Catherine Lin,blackalicia@hanson.info,61,01/11/2024 21:18
354,James Jones,sdavis@king.com,22,01/26/2024 10:38
355,Thomas Jackson,jwilliams@gmail.com,35,02/12/2024 00:56
356,Ernest Taylor,cvaldez@yahoo.com,48,05/09/2024 01:36
357,Darius Herman,rachaelflowers@jacobs.com,23,04/06/2024 01:27
358,Melissa Ingram,gonzalezgregory@evans-caldwell.info,70,04/11/2024 14:38
359,Marcus Gaines,jessicasantiago@gmail.com,19,01/18/2024 04:47
360,Kristin Patel,adrianajenkins@cunningham-cook.biz,56,05/16/2024 00:21
361,Amanda Turner,ruizmary@hotmail.com,58,01/09/2024 00:40
362,Kathryn Stewart,anthonytaylor@meyer.info,68,01/31/2024 10:56
363,Sandra Armstrong,travis48@yahoo.com,27,03/01/2024 05:32
364,Nichole Henderson,psmith@stephens.com,18,07/29/2024 01:10
365,Traci Wong,scottmelinda@hotmail.com,19,06/24/2024 20:54
366,Melinda Cameron,corey92@rivera.com,27,08/12/2024 15:55
367,Connie Rogers,heathjeremy@yahoo.com,49,09/06/2024 03:34
368,Matthew Shaw,destinylopez@hotmail.com,44,02/24/2024 01:25
369,Brian Murphy,marysoto@dunlap-carter.com,46,05/03/2024 06:01
370,Victoria Allen,sabrina32@gmail.com,22,03/27/2024 09:10
371,Dylan Shaw,zoewilson@yahoo.com,40,09/30/2024 17:20
372,Gregory Freeman,crystalgarcia@contreras.biz,53,02/22/2024 21:16
373,Colleen Hayes,madison39@hotmail.com,63,07/06/2024 23:10
374,Christina Smith,jwilson@peterson-barrett.com,66,04/09/2024 19:33
375,Robert Turner,villarrealjennifer@parks.com,51,01/22/2024 22:46
376,Jeremiah Murray,hillashley@hotmail.com,18,04/02/2024 11:35
377,Jason Taylor,idaugherty@hotmail.com,23,08/21/2024 06:06
378,David Hinton,wbrown@landry.com,34,01/25/2024 05:10
379,Christopher Smith,dorothyreynolds@gmail.com,42,01/10/2024 01:33
380,Shannon Carter,brookehowell@vaughn.org,56,02/01/2024 01:21
381,Adam Murphy,paul15@gmail.com,19,02/20/2024 12:24
382,Traci Jones,williskevin@may-smith.com,55,02/17/2024 10:50
383,James Rivera,asmith@yahoo.com,68,06/25/2024 23:16
384,Jay Solomon,prodriguez@yahoo.com,32,01/23/2024 17:30
385,Veronica Martinez,brent04@yahoo.com,65,03/17/2024 15:50
386,Michael Rodriguez,alyssaspence@swanson-franklin.com,59,04/14/2024 01:27
387,Misty Weber,laura74@hotmail.com,48,07/09/2024 21:03
388,Trevor Johnson,amanda15@lee.com,42,06/18/2024 13:06
389,Manuel Bennett,spatton@hotmail.com,40,04/10/2024 00:12
390,Gene Lynch,johnsontammy@hotmail.com,36,09/17/2024 17:57
391,Rachael Fleming,jnelson@brennan.com,20,07/28/2024 19:02
392,William Hays,edwardrowe@cardenas.com,70,06/29/2024 14:44
393,Taylor Wiley,matthewdaugherty@gmail.com,62,06/10/2024 19:45
394,Courtney Hudson,lcole@osborn-lewis.com,33,05/21/2024 03:08
395,Jacqueline Alvarado,latasha63@stephens-leon.com,33,06/02/2024 02:17
396,Dustin Guerrero,pearsonkevin@gmail.com,64,01/24/2024 04:07
397,Roberto Willis,paulerica@gmail.com,52,09/16/2024 13:23
398,Kristopher Adkins,patrickheath@yahoo.com,52,06/25/2024 07:51
399,Thomas Nielsen,colemclaughlin@smith.biz,62,09/24/2024 20:59
400,Kathryn Evans,estradachristopher@hotmail.com,50,05/29/2024 05:58
401,Keith Vargas,nhall@mccoy-hancock.com,40,01/03/2024 23:33
402,Sarah Rubio,danny50@hotmail.com,35,08/02/2024 05:52
403,Tiffany West,afisher@morgan.com,35,05/28/2024 14:06
404,David Tanner,ashley62@hotmail.com,33,10/05/2024 01:59
405,Connie Gray,xbrown@wallace.com,30,07/06/2024 18:11
406,Audrey Lopez,bgillespie@williams-larsen.com,68,01/10/2024 13:22
407,Patrick Osborne,operez@hotmail.com,26,07/03/2024 00:45
408,Mr. Martin Mills,jeffrey49@hotmail.com,52,05/04/2024 10:02
409,Eric Dixon,kaylanelson@gmail.com,49,03/14/2024 12:09
410,Michelle Campos,xlawson@richardson.com,66,09/09/2024 04:36
411,Meghan Thornton,johnny85@gibson.com,23,09/18/2024 11:53
412,Mr. Brian Wolfe,myerslinda@davenport.org,57,07/28/2024 14:16
413,Rebecca Snyder,sherripatterson@rodriguez.com,52,02/09/2024 20:25
414,Rose Bennett,matajennifer@russell.net,18,04/15/2024 05:56
415,Douglas Thomas,xrodriguez@anderson.com,26,07/09/2024 04:34
416,Dawn Elliott,mossnatalie@nelson.net,36,01/20/2024 19:43
417,Paula Benitez,diana41@hotmail.com,29,06/16/2024 19:37
418,Andrew Ward,laura63@hotmail.com,21,09/15/2024 12:50
419,Jennifer Dawson,james91@hotmail.com,55,02/02/2024 07:56
420,Brian Mcguire,gardnerkaylee@torres.info,28,03/04/2024 15:20
421,Eric Martin,joshua15@wilson.com,63,06/16/2024 18:37
422,Nicole Fuller,paula99@yahoo.com,69,03/01/2024 15:16
423,Brandon Davis,elizabethwilliamson@hotmail.com,23,09/02/2024 01:47
424,Natalie Bates,carlos14@yahoo.com,20,05/20/2024 03:27
425,Pamela Sullivan,bensonpeggy@gmail.com,28,09/27/2024 02:38
426,Margaret Barton,garciacharles@chambers-parrish.com,29,09/19/2024 13:18
427,Desiree Wright,david60@hart.com,25,08/08/2024 05:58
428,Isaac Andrews,anthony05@clay.org,50,06/19/2024 09:37
429,John Padilla,stephaniewilliams@hotmail.com,35,04/27/2024 11:42
430,Stephen Graves,ngrant@robinson.org,32,08/06/2024 16:41
431,Daniel Shaw,eugeneflores@allen.net,31,06/13/2024 02:16
432,Alexis Mcclain,zcarroll@sanchez-shaffer.com,54,07/15/2024 01:35
433,Christopher Long,nataliemartin@hotmail.com,52,01/01/2024 12:46
434,Molly Hernandez,richard96@ruiz.com,66,06/30/2024 15:38
435,Aaron Hutchinson,roberthoward@guerra-gonzalez.org,23,06/24/2024 22:34
436,Veronica Young,ismith@medina.com,45,05/16/2024 06:40
437,Steven Wilson,nicholasholden@gmail.com,48,05/13/2024 21:20
438,Noah Berry,xcarter@thomas.com,53,03/29/2024 16:13
439,Mary Huerta,jacksoncynthia@gonzalez-campbell.com,46,08/10/2024 19:41
440,Bryan Roberts,stevenblackburn@hotmail.com,40,01/13/2024 22:47
441,Megan Oliver,stephanievaughn@hotmail.com,45,07/15/2024 16:09
442,Darren Morris,obell@martin.info,70,01/11/2024 02:33
443,Randy Johnson,christinaford@hotmail.com,28,08/27/2024 05:47
444,Alyssa Lane,tmiller@gmail.com,24,07/09/2024 16:16
445,Michael White,cdaniels@hotmail.com,39,09/19/2024 18:33
446,Laura Jackson,cscott@gmail.com,64,01/03/2024 20:29
447,Richard Wright,ajohnson@murphy.com,59,05/03/2024 16:57
448,Mr. Mark Combs,thompsondaniel@yahoo.com,31,02/08/2024 07:26
449,Amber Smith,peter39@gmail.com,23,06/04/2024 15:20
450,Trevor Fisher,rebeccabennett@chang.com,36,04/25/2024 05:32
451,Teresa Fox,johnmay@rogers.com,59,04/27/2024 20:24
452,Travis Andrews,tyler73@carey-miller.com,67,04/19/2024 02:47
453,Matthew Morgan,grayandrew@perez.org,51,06/15/2024 16:04
454,Michael Green,allison50@gmail.com,59,01/08/2024 19:48
455,Tracy Snyder,lphillips@young.biz,38,07/19/2024 04:36
456,Mrs. Rebecca Thomas,vclark@yahoo.com,26,03/27/2024 17:39
457,Michele Moore,guerrerothomas@gmail.com,52,04/28/2024 02:45
458,Richard Dickson,pbaker@chapman-kent.com,33,05/26/2024 15:07
459,James Stewart,nancyjackson@king.com,45,02/04/2024 08:43
460,Sarah Perkins,ariel24@hotmail.com,46,07/05/2024 22:07
461,Elizabeth Leon,gdominguez@berry.com,37,01/08/2024 03:37
462,Juan Turner,wspears@gmail.com,33,05/23/2024 03:19
463,Ethan Benton,codyhernandez@hotmail.com,37,02/13/2024 15:35
464,Travis Sanchez,johnlee@santos.com,65,10/05/2024 15:44
465,Lisa Garcia,nadams@huynh-hester.com,59,05/01/2024 07:37
466,Anna Potter,fgarza@yahoo.com,48,09/22/2024 11:01
467,David Lawrence,michelle73@campbell-gonzalez.com,32,05/31/2024 15:02
468,Lisa Hutchinson,justin13@yahoo.com,26,02/13/2024 21:01
469,Willie Pittman,crystal59@knight.com,47,01/10/2024 11:32
470,Jared Frazier,ygates@barrett.com,45,06/02/2024 11:36
471,Stephanie Gregory,gsloan@jefferson.com,66,03/08/2024 14:04
472,Diana Gross MD,rosskiara@klein.biz,23,04/02/2024 06:17
473,Richard Williams,cindy63@fry.com,25,02/02/2024 13:45
474,Joshua Mendez,btate@williams-casey.com,19,03/18/2024 19:58
475,Kristy Beck,jwilkerson@schaefer.info,27,02/16/2024 21:49
476,Joseph Walker,wjensen@yahoo.com,34,04/19/2024 21:06
477,Erica Garcia,uhawkins@mueller-palmer.com,57,02/19/2024 13:12
478,Justin Jackson,lnelson@yahoo.com,44,06/12/2024 04:23
479,Eric Jones,sgraham@gmail.com,58,01/29/2024 19:27
480,David Smith,abigailmills@miller.com,46,08/08/2024 22:21
481,Roberta Robinson,linda48@gmail.com,58,08/11/2024 12:56
482,John Brennan,fred98@hotmail.com,48,03/01/2024 04:09
483,Jennifer Faulkner,theresacannon@gmail.com,60,07/27/2024 17:51
484,Donald Sanchez DDS,ogriffith@hotmail.com,69,04/25/2024 21:09
485,Michael Bright,gibsonnichole@gmail.com,41,07/13/2024 19:00
486,Sharon Allen,cruzkelly@gmail.com,29,08/03/2024 02:28
487,Alicia Anderson,ronaldrivera@yahoo.com,53,02/03/2024 14:50
488,Rachel Woods,victoria87@goodwin-montgomery.org,22,06/19/2024 00:24
489,Terry Allen,erin91@yahoo.com,59,05/21/2024 22:43
490,Tonya Williams,vkline@hotmail.com,55,09/16/2024 17:30
491,Mark Martin,chawkins@yahoo.com,20,03/09/2024 16:20
492,Candace Evans,darlenehughes@hotmail.com,38,09/03/2024 20:19
493,Tina Bell,hamiltonjohn@green-knapp.com,28,04/21/2024 08:00
494,Timothy Franklin,dawsonnicholas@gmail.com,64,06/09/2024 06:00
495,Joseph Arnold,deleongene@brewer-miller.com,28,02/11/2024 08:24
496,Spencer Nunez,logan28@yahoo.com,22,04/03/2024 00:07
497,Robert Diaz,calebwright@little.com,36,09/26/2024 04:13
498,Linda Green,john02@gmail.com,67,01/27/2024 22:47
499,Donald Kelly,anthonylee@hotmail.com,70,06/01/2024 21:46
500,Matthew Lopez,eshepard@mendez.com,61,01/28/2024 16:37
501,Amber David,teresa43@hotmail.com,66,10/02/2024 06:16
502,Debbie Koch,crawfordstephanie@yahoo.com,34,04/12/2024 09:52
503,Alicia Fields,brian73@richard.com,38,05/10/2024 05:59
504,Megan Patel,michaelbuckley@watkins.com,49,02/29/2024 18:28
505,Hunter Hernandez,fordgeorge@stephens.com,62,02/03/2024 00:17
506,Bobby Brady,isims@gmail.com,22,06/29/2024 14:47
507,Justin Williams,dawn26@manning.biz,45,04/01/2024 21:12
508,Mario Lyons,amybailey@harris.com,33,05/31/2024 05:12
509,Robert Williams,mclaughlinmatthew@stephens.com,56,07/16/2024 12:38
510,Albert Yu,stephaniedougherty@yahoo.com,49,04/17/2024 23:46
